Id,color,IdVerduras
1,color56561,IdVerduras1
2,color37318,IdVerduras2
3,color18214,IdVerduras3
4,color72801,IdVerduras4
5,color61900,IdVerduras5
6,color18519,IdVerduras6
7,color71652,IdVerduras7
8,color6249,IdVerduras8
9,color1217,IdVerduras9
10,color83268,IdVerduras10
11,color54613,IdVerduras11
12,color92240,IdVerduras12
13,color11576,IdVerduras13
14,color82106,IdVerduras14
15,color786,IdVerduras15
16,color82641,IdVerduras16
17,color96047,IdVerduras17
18,color80966,IdVerduras18
19,color76619,IdVerduras19
20,color94619,IdVerduras20
21,color34137,IdVerduras21
22,color34902,IdVerduras22
23,color9555,IdVerduras23
24,color41562,IdVerduras24
25,color40394,IdVerduras25
26,color52427,IdVerduras26
27,color96413,IdVerduras27
28,color26545,IdVerduras28
29,color13255,IdVerduras29
30,color50167,IdVerduras30
31,color35179,IdVerduras31
32,color92862,IdVerduras32
33,color30939,IdVerduras33
34,color86002,IdVerduras34
35,color59617,IdVerduras35
36,color94548,IdVerduras36
37,color88992,IdVerduras37
38,color30569,IdVerduras38
39,color98763,IdVerduras39
40,color56632,IdVerduras40
41,color54560,IdVerduras41
42,color35247,IdVerduras42
43,color83093,IdVerduras43
44,color23264,IdVerduras44
45,color8948,IdVerduras45
46,color98541,IdVerduras46
47,color2878,IdVerduras47
48,color39275,IdVerduras48
49,color34041,IdVerduras49
50,color55600,IdVerduras50
51,color45108,IdVerduras51
52,color23067,IdVerduras52
53,color4304,IdVerduras53
54,color40147,IdVerduras54
55,color4207,IdVerduras55
56,color40421,IdVerduras56
57,color21902,IdVerduras57
58,color64416,IdVerduras58
59,color93296,IdVerduras59
60,color85631,IdVerduras60
61,color347,IdVerduras61
62,color44347,IdVerduras62
63,color94677,IdVerduras63
64,color54161,IdVerduras64
65,color57237,IdVerduras65
66,color73608,IdVerduras66
67,color68070,IdVerduras67
68,color10455,IdVerduras68
69,color97640,IdVerduras69
70,color7458,IdVerduras70
71,color73663,IdVerduras71
72,color80719,IdVerduras72
73,color98844,IdVerduras73
74,color70059,IdVerduras74
75,color47926,IdVerduras75
76,color7425,IdVerduras76
77,color25591,IdVerduras77
78,color52900,IdVerduras78
79,color35698,IdVerduras79
80,color79982,IdVerduras80
81,color51493,IdVerduras81
82,color93947,IdVerduras82
83,color89290,IdVerduras83
84,color49910,IdVerduras84
85,color93776,IdVerduras85
86,color5129,IdVerduras86
87,color73077,IdVerduras87
88,color80171,IdVerduras88
89,color6259,IdVerduras89
90,color37803,IdVerduras90
91,color24724,IdVerduras91
92,color60649,IdVerduras92
93,color30625,IdVerduras93
94,color70104,IdVerduras94
95,color76136,IdVerduras95
96,color94468,IdVerduras96
97,color59529,IdVerduras97
98,color99755,IdVerduras98
99,color1963,IdVerduras99
100,color27986,IdVerduras100
101,color51429,IdVerduras101
102,color14745,IdVerduras102
103,color7151,IdVerduras103
104,color93668,IdVerduras104
105,color74613,IdVerduras105
106,color4972,IdVerduras106
107,color1277,IdVerduras107
108,color8998,IdVerduras108
109,color71042,IdVerduras109
110,color615,IdVerduras110
111,color42888,IdVerduras111
112,color95002,IdVerduras112
113,color55782,IdVerduras113
114,color94933,IdVerduras114
115,color86312,IdVerduras115
116,color52597,IdVerduras116
117,color87901,IdVerduras117
118,color28034,IdVerduras118
119,color51283,IdVerduras119
120,color64648,IdVerduras120
121,color81061,IdVerduras121
122,color51446,IdVerduras122
123,color20923,IdVerduras123
124,color48184,IdVerduras124
125,color20149,IdVerduras125
126,color55817,IdVerduras126
127,color38722,IdVerduras127
128,color73800,IdVerduras128
129,color25083,IdVerduras129
130,color29857,IdVerduras130
131,color67058,IdVerduras131
132,color24817,IdVerduras132
133,color2086,IdVerduras133
134,color67055,IdVerduras134
135,color77528,IdVerduras135
136,color73788,IdVerduras136
137,color33323,IdVerduras137
138,color31594,IdVerduras138
139,color31767,IdVerduras139
140,color26006,IdVerduras140
141,color92208,IdVerduras141
142,color45528,IdVerduras142
143,color43858,IdVerduras143
144,color84606,IdVerduras144
145,color85797,IdVerduras145
146,color50223,IdVerduras146
147,color37946,IdVerduras147
148,color85207,IdVerduras148
149,color58407,IdVerduras149
150,color367,IdVerduras150
151,color93835,IdVerduras151
152,color78117,IdVerduras152
153,color74631,IdVerduras153
154,color49523,IdVerduras154
155,color43089,IdVerduras155
156,color71453,IdVerduras156
157,color52109,IdVerduras157
158,color13459,IdVerduras158
159,color46331,IdVerduras159
160,color71611,IdVerduras160
161,color19224,IdVerduras161
162,color52673,IdVerduras162
163,color84309,IdVerduras163
164,color84276,IdVerduras164
165,color7834,IdVerduras165
166,color20616,IdVerduras166
167,color96696,IdVerduras167
168,color14829,IdVerduras168
169,color29874,IdVerduras169
170,color96964,IdVerduras170
171,color38044,IdVerduras171
172,color72275,IdVerduras172
173,color16109,IdVerduras173
174,color79719,IdVerduras174
175,color99671,IdVerduras175
176,color13741,IdVerduras176
177,color60107,IdVerduras177
178,color5009,IdVerduras178
179,color92218,IdVerduras179
180,color16068,IdVerduras180
181,color12331,IdVerduras181
182,color76725,IdVerduras182
183,color15461,IdVerduras183
184,color1903,IdVerduras184
185,color14155,IdVerduras185
186,color38304,IdVerduras186
187,color52753,IdVerduras187
188,color6193,IdVerduras188
189,color82485,IdVerduras189
190,color16608,IdVerduras190
191,color48369,IdVerduras191
192,color85315,IdVerduras192
193,color3257,IdVerduras193
194,color42691,IdVerduras194
195,color82332,IdVerduras195
196,color4355,IdVerduras196
197,color76931,IdVerduras197
198,color59108,IdVerduras198
199,color53848,IdVerduras199
200,color13512,IdVerduras200
201,color27778,IdVerduras201
202,color91418,IdVerduras202
203,color69598,IdVerduras203
204,color45653,IdVerduras204
205,color86266,IdVerduras205
206,color64149,IdVerduras206
207,color75153,IdVerduras207
208,color69356,IdVerduras208
209,color92502,IdVerduras209
210,color96438,IdVerduras210
211,color1546,IdVerduras211
212,color96507,IdVerduras212
213,color6498,IdVerduras213
214,color33467,IdVerduras214
215,color53547,IdVerduras215
216,color65922,IdVerduras216
217,color23163,IdVerduras217
218,color85870,IdVerduras218
219,color51500,IdVerduras219
220,color38015,IdVerduras220
221,color65331,IdVerduras221
222,color37432,IdVerduras222
223,color15167,IdVerduras223
224,color15494,IdVerduras224
225,color54867,IdVerduras225
226,color88753,IdVerduras226
227,color88100,IdVerduras227
228,color70736,IdVerduras228
229,color58479,IdVerduras229
230,color33024,IdVerduras230
231,color17218,IdVerduras231
232,color24841,IdVerduras232
233,color24791,IdVerduras233
234,color27631,IdVerduras234
235,color2215,IdVerduras235
236,color80936,IdVerduras236
237,color51470,IdVerduras237
238,color5412,IdVerduras238
239,color69147,IdVerduras239
240,color95081,IdVerduras240
241,color51527,IdVerduras241
242,color36236,IdVerduras242
243,color25336,IdVerduras243
244,color31045,IdVerduras244
245,color42299,IdVerduras245
246,color78630,IdVerduras246
247,color47737,IdVerduras247
248,color22630,IdVerduras248
249,color24407,IdVerduras249
250,color71063,IdVerduras250
251,color27668,IdVerduras251
252,color13397,IdVerduras252
253,color90302,IdVerduras253
254,color90507,IdVerduras254
255,color47856,IdVerduras255
256,color82819,IdVerduras256
257,color35910,IdVerduras257
258,color57153,IdVerduras258
259,color41757,IdVerduras259
260,color87033,IdVerduras260
261,color31725,IdVerduras261
262,color7150,IdVerduras262
263,color67770,IdVerduras263
264,color25371,IdVerduras264
265,color18839,IdVerduras265
266,color58757,IdVerduras266
267,color72135,IdVerduras267
268,color51252,IdVerduras268
269,color80605,IdVerduras269
270,color5494,IdVerduras270
271,color80065,IdVerduras271
272,color50886,IdVerduras272
273,color31849,IdVerduras273
274,color62222,IdVerduras274
275,color52856,IdVerduras275
276,color77052,IdVerduras276
277,color57857,IdVerduras277
278,color50847,IdVerduras278
279,color46841,IdVerduras279
280,color41057,IdVerduras280
281,color59180,IdVerduras281
282,color72273,IdVerduras282
283,color18460,IdVerduras283
284,color20146,IdVerduras284
285,color30831,IdVerduras285
286,color72340,IdVerduras286
287,color41054,IdVerduras287
288,color3172,IdVerduras288
289,color83203,IdVerduras289
290,color96705,IdVerduras290
291,color13370,IdVerduras291
292,color78789,IdVerduras292
293,color2698,IdVerduras293
294,color37055,IdVerduras294
295,color86484,IdVerduras295
296,color24317,IdVerduras296
297,color37886,IdVerduras297
298,color38287,IdVerduras298
299,color5735,IdVerduras299
300,color43933,IdVerduras300
301,color43359,IdVerduras301
302,color85802,IdVerduras302
303,color18396,IdVerduras303
304,color62946,IdVerduras304
305,color76416,IdVerduras305
306,color44923,IdVerduras306
307,color4369,IdVerduras307
308,color73538,IdVerduras308
309,color95773,IdVerduras309
310,color37997,IdVerduras310
311,color37003,IdVerduras311
312,color47161,IdVerduras312
313,color17145,IdVerduras313
314,color20642,IdVerduras314
315,color16382,IdVerduras315
316,color73368,IdVerduras316
317,color92962,IdVerduras317
318,color6119,IdVerduras318
319,color96091,IdVerduras319
320,color98175,IdVerduras320
321,color23529,IdVerduras321
322,color43724,IdVerduras322
323,color80819,IdVerduras323
324,color47471,IdVerduras324
325,color66536,IdVerduras325
326,color80110,IdVerduras326
327,color89159,IdVerduras327
328,color62408,IdVerduras328
329,color80534,IdVerduras329
330,color20421,IdVerduras330
331,color89058,IdVerduras331
332,color53828,IdVerduras332
333,color58803,IdVerduras333
334,color23192,IdVerduras334
335,color71849,IdVerduras335
336,color37149,IdVerduras336
337,color37853,IdVerduras337
338,color57566,IdVerduras338
339,color26574,IdVerduras339
340,color73181,IdVerduras340
341,color12214,IdVerduras341
342,color65404,IdVerduras342
343,color56095,IdVerduras343
344,color44816,IdVerduras344
345,color76856,IdVerduras345
346,color20042,IdVerduras346
347,color87266,IdVerduras347
348,color4800,IdVerduras348
349,color30576,IdVerduras349
350,color76668,IdVerduras350
351,color74426,IdVerduras351
352,color76516,IdVerduras352
353,color67334,IdVerduras353
354,color9751,IdVerduras354
355,color54478,IdVerduras355
356,color99590,IdVerduras356
357,color36720,IdVerduras357
358,color94914,IdVerduras358
359,color83624,IdVerduras359
360,color9769,IdVerduras360
361,color38988,IdVerduras361
362,color13667,IdVerduras362
363,color18123,IdVerduras363
364,color7187,IdVerduras364
365,color33832,IdVerduras365
366,color36258,IdVerduras366
367,color87077,IdVerduras367
368,color8198,IdVerduras368
369,color31325,IdVerduras369
370,color10525,IdVerduras370
371,color95611,IdVerduras371
372,color25565,IdVerduras372
373,color12441,IdVerduras373
374,color65342,IdVerduras374
375,color90719,IdVerduras375
376,color33471,IdVerduras376
377,color60008,IdVerduras377
378,color57026,IdVerduras378
379,color12348,IdVerduras379
380,color58052,IdVerduras380
381,color26482,IdVerduras381
382,color43366,IdVerduras382
383,color68350,IdVerduras383
384,color88639,IdVerduras384
385,color59482,IdVerduras385
386,color37872,IdVerduras386
387,color4501,IdVerduras387
388,color10959,IdVerduras388
389,color22128,IdVerduras389
390,color68437,IdVerduras390
391,color56841,IdVerduras391
392,color88979,IdVerduras392
393,color95054,IdVerduras393
394,color71195,IdVerduras394
395,color11843,IdVerduras395
396,color32849,IdVerduras396
397,color31883,IdVerduras397
398,color35099,IdVerduras398
399,color20637,IdVerduras399
400,color20357,IdVerduras400
401,color44405,IdVerduras401
402,color71115,IdVerduras402
403,color6808,IdVerduras403
404,color26196,IdVerduras404
405,color8417,IdVerduras405
406,color93079,IdVerduras406
407,color14775,IdVerduras407
408,color71955,IdVerduras408
409,color93778,IdVerduras409
410,color35633,IdVerduras410
411,color81748,IdVerduras411
412,color48398,IdVerduras412
413,color25992,IdVerduras413
414,color70174,IdVerduras414
415,color7025,IdVerduras415
416,color46111,IdVerduras416
417,color50695,IdVerduras417
418,color11010,IdVerduras418
419,color49734,IdVerduras419
420,color78491,IdVerduras420
421,color30882,IdVerduras421
422,color38461,IdVerduras422
423,color60902,IdVerduras423
424,color75641,IdVerduras424
425,color95383,IdVerduras425
426,color23576,IdVerduras426
427,color46492,IdVerduras427
428,color59542,IdVerduras428
429,color88574,IdVerduras429
430,color1111,IdVerduras430
431,color83834,IdVerduras431
432,color42449,IdVerduras432
433,color65679,IdVerduras433
434,color2474,IdVerduras434
435,color73570,IdVerduras435
436,color57970,IdVerduras436
437,color23415,IdVerduras437
438,color47602,IdVerduras438
439,color47402,IdVerduras439
440,color47471,IdVerduras440
441,color55141,IdVerduras441
442,color94536,IdVerduras442
443,color21622,IdVerduras443
444,color25022,IdVerduras444
445,color79848,IdVerduras445
446,color31125,IdVerduras446
447,color2749,IdVerduras447
448,color64495,IdVerduras448
449,color77891,IdVerduras449
450,color39541,IdVerduras450
451,color54633,IdVerduras451
452,color19960,IdVerduras452
453,color80353,IdVerduras453
454,color85294,IdVerduras454
455,color46285,IdVerduras455
456,color932,IdVerduras456
457,color77004,IdVerduras457
458,color10957,IdVerduras458
459,color9953,IdVerduras459
460,color96842,IdVerduras460
461,color55814,IdVerduras461
462,color23345,IdVerduras462
463,color37814,IdVerduras463
464,color58244,IdVerduras464
465,color80354,IdVerduras465
466,color87078,IdVerduras466
467,color300,IdVerduras467
468,color11634,IdVerduras468
469,color46040,IdVerduras469
470,color43119,IdVerduras470
471,color84551,IdVerduras471
472,color75328,IdVerduras472
473,color21414,IdVerduras473
474,color28244,IdVerduras474
475,color83707,IdVerduras475
476,color69909,IdVerduras476
477,color6584,IdVerduras477
478,color64120,IdVerduras478
479,color38282,IdVerduras479
480,color76872,IdVerduras480
481,color32278,IdVerduras481
482,color30556,IdVerduras482
483,color45601,IdVerduras483
484,color21788,IdVerduras484
485,color91292,IdVerduras485
486,color77267,IdVerduras486
487,color66558,IdVerduras487
488,color6692,IdVerduras488
489,color56639,IdVerduras489
490,color74438,IdVerduras490
491,color2524,IdVerduras491
492,color58301,IdVerduras492
493,color93110,IdVerduras493
494,color86972,IdVerduras494
495,color70462,IdVerduras495
496,color75374,IdVerduras496
497,color97156,IdVerduras497
498,color82632,IdVerduras498
499,color67608,IdVerduras499
500,color35473,IdVerduras500
501,color91662,IdVerduras501
502,color66919,IdVerduras502
503,color64871,IdVerduras503
504,color46228,IdVerduras504
505,color70907,IdVerduras505
506,color36109,IdVerduras506
507,color99473,IdVerduras507
508,color90554,IdVerduras508
509,color85583,IdVerduras509
510,color85315,IdVerduras510
511,color61488,IdVerduras511
512,color11447,IdVerduras512
513,color7198,IdVerduras513
514,color31137,IdVerduras514
515,color68540,IdVerduras515
516,color91622,IdVerduras516
517,color18084,IdVerduras517
518,color29618,IdVerduras518
519,color95769,IdVerduras519
520,color83575,IdVerduras520
521,color30146,IdVerduras521
522,color18272,IdVerduras522
523,color97192,IdVerduras523
524,color55094,IdVerduras524
525,color16771,IdVerduras525
526,color54859,IdVerduras526
527,color49629,IdVerduras527
528,color64644,IdVerduras528
529,color35052,IdVerduras529
530,color6463,IdVerduras530
531,color2579,IdVerduras531
532,color9464,IdVerduras532
533,color58123,IdVerduras533
534,color92682,IdVerduras534
535,color96798,IdVerduras535
536,color1383,IdVerduras536
537,color24848,IdVerduras537
538,color66935,IdVerduras538
539,color36816,IdVerduras539
540,color98145,IdVerduras540
541,color70134,IdVerduras541
542,color85774,IdVerduras542
543,color77331,IdVerduras543
544,color55533,IdVerduras544
545,color21583,IdVerduras545
546,color39888,IdVerduras546
547,color81221,IdVerduras547
548,color18217,IdVerduras548
549,color74903,IdVerduras549
550,color49576,IdVerduras550
551,color88116,IdVerduras551
552,color65918,IdVerduras552
553,color26717,IdVerduras553
554,color41058,IdVerduras554
555,color36764,IdVerduras555
556,color62597,IdVerduras556
557,color55190,IdVerduras557
558,color76303,IdVerduras558
559,color15433,IdVerduras559
560,color92769,IdVerduras560
561,color19725,IdVerduras561
562,color67636,IdVerduras562
563,color62282,IdVerduras563
564,color95561,IdVerduras564
565,color26069,IdVerduras565
566,color63518,IdVerduras566
567,color22586,IdVerduras567
568,color45113,IdVerduras568
569,color37749,IdVerduras569
570,color63763,IdVerduras570
571,color56569,IdVerduras571
572,color65402,IdVerduras572
573,color16872,IdVerduras573
574,color79596,IdVerduras574
575,color60524,IdVerduras575
576,color36822,IdVerduras576
577,color54079,IdVerduras577
578,color11549,IdVerduras578
579,color16058,IdVerduras579
580,color10022,IdVerduras580
581,color94739,IdVerduras581
582,color18451,IdVerduras582
583,color36252,IdVerduras583
584,color4459,IdVerduras584
585,color52468,IdVerduras585
586,color33826,IdVerduras586
587,color6700,IdVerduras587
588,color65063,IdVerduras588
589,color79344,IdVerduras589
590,color40893,IdVerduras590
591,color27927,IdVerduras591
592,color7622,IdVerduras592
593,color63824,IdVerduras593
594,color1109,IdVerduras594
595,color95259,IdVerduras595
596,color15224,IdVerduras596
597,color44394,IdVerduras597
598,color6362,IdVerduras598
599,color12026,IdVerduras599
600,color85248,IdVerduras600
601,color5960,IdVerduras601
602,color88368,IdVerduras602
603,color87062,IdVerduras603
604,color37836,IdVerduras604
605,color26738,IdVerduras605
606,color6334,IdVerduras606
607,color26692,IdVerduras607
608,color33045,IdVerduras608
609,color9588,IdVerduras609
610,color93140,IdVerduras610
611,color81663,IdVerduras611
612,color61472,IdVerduras612
613,color97204,IdVerduras613
614,color28479,IdVerduras614
615,color4461,IdVerduras615
616,color34370,IdVerduras616
617,color11959,IdVerduras617
618,color35651,IdVerduras618
619,color64853,IdVerduras619
620,color30520,IdVerduras620
621,color7743,IdVerduras621
622,color68018,IdVerduras622
623,color86349,IdVerduras623
624,color42537,IdVerduras624
625,color77045,IdVerduras625
626,color41879,IdVerduras626
627,color2296,IdVerduras627
628,color50315,IdVerduras628
629,color49591,IdVerduras629
630,color78679,IdVerduras630
631,color8253,IdVerduras631
632,color77586,IdVerduras632
633,color35555,IdVerduras633
634,color56575,IdVerduras634
635,color29960,IdVerduras635
636,color15288,IdVerduras636
637,color85286,IdVerduras637
638,color32106,IdVerduras638
639,color33042,IdVerduras639
640,color31994,IdVerduras640
641,color84565,IdVerduras641
642,color55139,IdVerduras642
643,color60825,IdVerduras643
644,color67045,IdVerduras644
645,color38195,IdVerduras645
646,color90939,IdVerduras646
647,color71248,IdVerduras647
648,color52842,IdVerduras648
649,color58931,IdVerduras649
650,color46094,IdVerduras650
651,color11713,IdVerduras651
652,color20211,IdVerduras652
653,color13572,IdVerduras653
654,color26196,IdVerduras654
655,color14609,IdVerduras655
656,color67502,IdVerduras656
657,color73036,IdVerduras657
658,color59360,IdVerduras658
659,color86648,IdVerduras659
660,color18989,IdVerduras660
661,color23006,IdVerduras661
662,color87983,IdVerduras662
663,color49381,IdVerduras663
664,color57481,IdVerduras664
665,color31328,IdVerduras665
666,color56777,IdVerduras666
667,color37545,IdVerduras667
668,color45930,IdVerduras668
669,color85870,IdVerduras669
670,color86855,IdVerduras670
671,color71179,IdVerduras671
672,color66876,IdVerduras672
673,color39235,IdVerduras673
674,color69139,IdVerduras674
675,color50117,IdVerduras675
676,color55932,IdVerduras676
677,color5438,IdVerduras677
678,color64169,IdVerduras678
679,color58593,IdVerduras679
680,color56181,IdVerduras680
681,color73760,IdVerduras681
682,color47346,IdVerduras682
683,color53515,IdVerduras683
684,color5096,IdVerduras684
685,color79414,IdVerduras685
686,color13947,IdVerduras686
687,color86683,IdVerduras687
688,color65754,IdVerduras688
689,color69672,IdVerduras689
690,color18616,IdVerduras690
691,color74415,IdVerduras691
692,color14185,IdVerduras692
693,color92238,IdVerduras693
694,color27973,IdVerduras694
695,color94483,IdVerduras695
696,color226,IdVerduras696
697,color95870,IdVerduras697
698,color62414,IdVerduras698
699,color2229,IdVerduras699
700,color36392,IdVerduras700
701,color91421,IdVerduras701
702,color49754,IdVerduras702
703,color95627,IdVerduras703
704,color32188,IdVerduras704
705,color95009,IdVerduras705
706,color30294,IdVerduras706
707,color38929,IdVerduras707
708,color69760,IdVerduras708
709,color44979,IdVerduras709
710,color34640,IdVerduras710
711,color63280,IdVerduras711
712,color1520,IdVerduras712
713,color74834,IdVerduras713
714,color96112,IdVerduras714
715,color94745,IdVerduras715
716,color80683,IdVerduras716
717,color83560,IdVerduras717
718,color38118,IdVerduras718
719,color66715,IdVerduras719
720,color53191,IdVerduras720
721,color62936,IdVerduras721
722,color38900,IdVerduras722
723,color36119,IdVerduras723
724,color73707,IdVerduras724
725,color88859,IdVerduras725
726,color36688,IdVerduras726
727,color28291,IdVerduras727
728,color9583,IdVerduras728
729,color18504,IdVerduras729
730,color68882,IdVerduras730
731,color74267,IdVerduras731
732,color17229,IdVerduras732
733,color76413,IdVerduras733
734,color87586,IdVerduras734
735,color36481,IdVerduras735
736,color11775,IdVerduras736
737,color48286,IdVerduras737
738,color35677,IdVerduras738
739,color92077,IdVerduras739
740,color14584,IdVerduras740
741,color57109,IdVerduras741
742,color16976,IdVerduras742
743,color26198,IdVerduras743
744,color7491,IdVerduras744
745,color55606,IdVerduras745
746,color68068,IdVerduras746
747,color12340,IdVerduras747
748,color82923,IdVerduras748
749,color42038,IdVerduras749
750,color47981,IdVerduras750
751,color11070,IdVerduras751
752,color93221,IdVerduras752
753,color7345,IdVerduras753
754,color41361,IdVerduras754
755,color37780,IdVerduras755
756,color20996,IdVerduras756
757,color42851,IdVerduras757
758,color42810,IdVerduras758
759,color31095,IdVerduras759
760,color7941,IdVerduras760
761,color34798,IdVerduras761
762,color61192,IdVerduras762
763,color15400,IdVerduras763
764,color77752,IdVerduras764
765,color11228,IdVerduras765
766,color36261,IdVerduras766
767,color64107,IdVerduras767
768,color73098,IdVerduras768
769,color14545,IdVerduras769
770,color58461,IdVerduras770
771,color61695,IdVerduras771
772,color39912,IdVerduras772
773,color55393,IdVerduras773
774,color89623,IdVerduras774
775,color97952,IdVerduras775
776,color3282,IdVerduras776
777,color25583,IdVerduras777
778,color83266,IdVerduras778
779,color97425,IdVerduras779
780,color87304,IdVerduras780
781,color63421,IdVerduras781
782,color78203,IdVerduras782
783,color64184,IdVerduras783
784,color35209,IdVerduras784
785,color29433,IdVerduras785
786,color71919,IdVerduras786
787,color88150,IdVerduras787
788,color98208,IdVerduras788
789,color90111,IdVerduras789
790,color97268,IdVerduras790
791,color9820,IdVerduras791
792,color65169,IdVerduras792
793,color77598,IdVerduras793
794,color56900,IdVerduras794
795,color27737,IdVerduras795
796,color52451,IdVerduras796
797,color90794,IdVerduras797
798,color580,IdVerduras798
799,color21044,IdVerduras799
800,color52867,IdVerduras800
801,color72881,IdVerduras801
802,color93189,IdVerduras802
803,color20550,IdVerduras803
804,color75376,IdVerduras804
805,color55091,IdVerduras805
806,color4162,IdVerduras806
807,color64397,IdVerduras807
808,color98561,IdVerduras808
809,color25839,IdVerduras809
810,color87150,IdVerduras810
811,color44965,IdVerduras811
812,color61060,IdVerduras812
813,color70470,IdVerduras813
814,color93730,IdVerduras814
815,color7403,IdVerduras815
816,color75731,IdVerduras816
817,color84577,IdVerduras817
818,color66329,IdVerduras818
819,color75318,IdVerduras819
820,color33453,IdVerduras820
821,color56541,IdVerduras821
822,color68837,IdVerduras822
823,color51780,IdVerduras823
824,color26848,IdVerduras824
825,color97309,IdVerduras825
826,color36300,IdVerduras826
827,color69276,IdVerduras827
828,color16470,IdVerduras828
829,color29031,IdVerduras829
830,color68436,IdVerduras830
831,color26817,IdVerduras831
832,color88615,IdVerduras832
833,color53680,IdVerduras833
834,color19909,IdVerduras834
835,color25452,IdVerduras835
836,color56302,IdVerduras836
837,color66900,IdVerduras837
838,color45192,IdVerduras838
839,color79504,IdVerduras839
840,color70287,IdVerduras840
841,color62362,IdVerduras841
842,color29484,IdVerduras842
843,color58038,IdVerduras843
844,color42359,IdVerduras844
845,color91589,IdVerduras845
846,color75949,IdVerduras846
847,color43456,IdVerduras847
848,color9040,IdVerduras848
849,color38954,IdVerduras849
850,color54389,IdVerduras850
851,color42848,IdVerduras851
852,color74727,IdVerduras852
853,color81292,IdVerduras853
854,color48021,IdVerduras854
855,color3723,IdVerduras855
856,color66129,IdVerduras856
857,color64670,IdVerduras857
858,color55613,IdVerduras858
859,color52947,IdVerduras859
860,color38723,IdVerduras860
861,color15801,IdVerduras861
862,color57863,IdVerduras862
863,color10237,IdVerduras863
864,color64903,IdVerduras864
865,color70135,IdVerduras865
866,color90544,IdVerduras866
867,color49075,IdVerduras867
868,color12887,IdVerduras868
869,color61999,IdVerduras869
870,color75417,IdVerduras870
871,color92612,IdVerduras871
872,color12858,IdVerduras872
873,color2516,IdVerduras873
874,color82084,IdVerduras874
875,color28445,IdVerduras875
876,color91580,IdVerduras876
877,color48486,IdVerduras877
878,color41493,IdVerduras878
879,color80378,IdVerduras879
880,color37603,IdVerduras880
881,color59337,IdVerduras881
882,color9214,IdVerduras882
883,color78534,IdVerduras883
884,color35740,IdVerduras884
885,color42122,IdVerduras885
886,color20239,IdVerduras886
887,color76694,IdVerduras887
888,color38704,IdVerduras888
889,color3079,IdVerduras889
890,color76098,IdVerduras890
891,color94090,IdVerduras891
892,color30115,IdVerduras892
893,color33058,IdVerduras893
894,color47732,IdVerduras894
895,color16667,IdVerduras895
896,color40024,IdVerduras896
897,color16485,IdVerduras897
898,color53008,IdVerduras898
899,color14423,IdVerduras899
900,color16502,IdVerduras900
901,color69800,IdVerduras901
902,color31903,IdVerduras902
903,color19425,IdVerduras903
904,color63303,IdVerduras904
905,color91173,IdVerduras905
906,color14270,IdVerduras906
907,color49021,IdVerduras907
908,color91701,IdVerduras908
909,color11076,IdVerduras909
910,color1836,IdVerduras910
911,color99654,IdVerduras911
912,color1063,IdVerduras912
913,color64629,IdVerduras913
914,color88900,IdVerduras914
915,color57015,IdVerduras915
916,color74455,IdVerduras916
917,color16618,IdVerduras917
918,color76943,IdVerduras918
919,color96877,IdVerduras919
920,color34036,IdVerduras920
921,color27905,IdVerduras921
922,color62382,IdVerduras922
923,color22719,IdVerduras923
924,color89125,IdVerduras924
925,color15884,IdVerduras925
926,color18902,IdVerduras926
927,color21404,IdVerduras927
928,color99533,IdVerduras928
929,color16263,IdVerduras929
930,color81687,IdVerduras930
931,color55434,IdVerduras931
932,color6522,IdVerduras932
933,color93727,IdVerduras933
934,color26765,IdVerduras934
935,color30351,IdVerduras935
936,color6491,IdVerduras936
937,color92892,IdVerduras937
938,color33420,IdVerduras938
939,color55880,IdVerduras939
940,color54396,IdVerduras940
941,color7039,IdVerduras941
942,color42615,IdVerduras942
943,color55991,IdVerduras943
944,color119,IdVerduras944
945,color6047,IdVerduras945
946,color99219,IdVerduras946
947,color65528,IdVerduras947
948,color35131,IdVerduras948
949,color59162,IdVerduras949
950,color67054,IdVerduras950
951,color51711,IdVerduras951
952,color62548,IdVerduras952
953,color51016,IdVerduras953
954,color92538,IdVerduras954
955,color42229,IdVerduras955
956,color59354,IdVerduras956
957,color22009,IdVerduras957
958,color46999,IdVerduras958
959,color76987,IdVerduras959
960,color2774,IdVerduras960
961,color26563,IdVerduras961
962,color23820,IdVerduras962
963,color78234,IdVerduras963
964,color678,IdVerduras964
965,color39549,IdVerduras965
966,color6450,IdVerduras966
967,color48542,IdVerduras967
968,color54729,IdVerduras968
969,color70007,IdVerduras969
970,color65263,IdVerduras970
971,color4516,IdVerduras971
972,color73250,IdVerduras972
973,color19274,IdVerduras973
974,color29645,IdVerduras974
975,color79057,IdVerduras975
976,color40866,IdVerduras976
977,color70036,IdVerduras977
978,color90225,IdVerduras978
979,color84221,IdVerduras979
980,color92440,IdVerduras980
981,color65531,IdVerduras981
982,color28348,IdVerduras982
983,color93590,IdVerduras983
984,color95591,IdVerduras984
985,color806,IdVerduras985
986,color79519,IdVerduras986
987,color52754,IdVerduras987
988,color847,IdVerduras988
989,color95138,IdVerduras989
990,color72013,IdVerduras990
991,color49740,IdVerduras991
992,color4092,IdVerduras992
993,color38130,IdVerduras993
994,color21004,IdVerduras994
995,color32992,IdVerduras995
996,color83790,IdVerduras996
997,color1307,IdVerduras997
998,color49083,IdVerduras998
999,color46062,IdVerduras999
1000,color8313,IdVerduras1000
