Id,nombre
1,nombre1
2,nombre2
3,nombre3
4,nombre4
5,nombre5
6,nombre6
7,nombre7
8,nombre8
9,nombre9
10,nombre10
11,nombre11
12,nombre12
13,nombre13
14,nombre14
15,nombre15
16,nombre16
17,nombre17
18,nombre18
19,nombre19
20,nombre20
21,nombre21
22,nombre22
23,nombre23
24,nombre24
25,nombre25
26,nombre26
27,nombre27
28,nombre28
29,nombre29
30,nombre30
31,nombre31
32,nombre32
33,nombre33
34,nombre34
35,nombre35
36,nombre36
37,nombre37
38,nombre38
39,nombre39
40,nombre40
41,nombre41
42,nombre42
43,nombre43
44,nombre44
45,nombre45
46,nombre46
47,nombre47
48,nombre48
49,nombre49
50,nombre50
51,nombre51
52,nombre52
53,nombre53
54,nombre54
55,nombre55
56,nombre56
57,nombre57
58,nombre58
59,nombre59
60,nombre60
61,nombre61
62,nombre62
63,nombre63
64,nombre64
65,nombre65
66,nombre66
67,nombre67
68,nombre68
69,nombre69
70,nombre70
71,nombre71
72,nombre72
73,nombre73
74,nombre74
75,nombre75
76,nombre76
77,nombre77
78,nombre78
79,nombre79
80,nombre80
81,nombre81
82,nombre82
83,nombre83
84,nombre84
85,nombre85
86,nombre86
87,nombre87
88,nombre88
89,nombre89
90,nombre90
91,nombre91
92,nombre92
93,nombre93
94,nombre94
95,nombre95
96,nombre96
97,nombre97
98,nombre98
99,nombre99
100,nombre100
101,nombre101
102,nombre102
103,nombre103
104,nombre104
105,nombre105
106,nombre106
107,nombre107
108,nombre108
109,nombre109
110,nombre110
111,nombre111
112,nombre112
113,nombre113
114,nombre114
115,nombre115
116,nombre116
117,nombre117
118,nombre118
119,nombre119
120,nombre120
121,nombre121
122,nombre122
123,nombre123
124,nombre124
125,nombre125
126,nombre126
127,nombre127
128,nombre128
129,nombre129
130,nombre130
131,nombre131
132,nombre132
133,nombre133
134,nombre134
135,nombre135
136,nombre136
137,nombre137
138,nombre138
139,nombre139
140,nombre140
141,nombre141
142,nombre142
143,nombre143
144,nombre144
145,nombre145
146,nombre146
147,nombre147
148,nombre148
149,nombre149
150,nombre150
151,nombre151
152,nombre152
153,nombre153
154,nombre154
155,nombre155
156,nombre156
157,nombre157
158,nombre158
159,nombre159
160,nombre160
161,nombre161
162,nombre162
163,nombre163
164,nombre164
165,nombre165
166,nombre166
167,nombre167
168,nombre168
169,nombre169
170,nombre170
171,nombre171
172,nombre172
173,nombre173
174,nombre174
175,nombre175
176,nombre176
177,nombre177
178,nombre178
179,nombre179
180,nombre180
181,nombre181
182,nombre182
183,nombre183
184,nombre184
185,nombre185
186,nombre186
187,nombre187
188,nombre188
189,nombre189
190,nombre190
191,nombre191
192,nombre192
193,nombre193
194,nombre194
195,nombre195
196,nombre196
197,nombre197
198,nombre198
199,nombre199
200,nombre200
201,nombre201
202,nombre202
203,nombre203
204,nombre204
205,nombre205
206,nombre206
207,nombre207
208,nombre208
209,nombre209
210,nombre210
211,nombre211
212,nombre212
213,nombre213
214,nombre214
215,nombre215
216,nombre216
217,nombre217
218,nombre218
219,nombre219
220,nombre220
221,nombre221
222,nombre222
223,nombre223
224,nombre224
225,nombre225
226,nombre226
227,nombre227
228,nombre228
229,nombre229
230,nombre230
231,nombre231
232,nombre232
233,nombre233
234,nombre234
235,nombre235
236,nombre236
237,nombre237
238,nombre238
239,nombre239
240,nombre240
241,nombre241
242,nombre242
243,nombre243
244,nombre244
245,nombre245
246,nombre246
247,nombre247
248,nombre248
249,nombre249
250,nombre250
251,nombre251
252,nombre252
253,nombre253
254,nombre254
255,nombre255
256,nombre256
257,nombre257
258,nombre258
259,nombre259
260,nombre260
261,nombre261
262,nombre262
263,nombre263
264,nombre264
265,nombre265
266,nombre266
267,nombre267
268,nombre268
269,nombre269
270,nombre270
271,nombre271
272,nombre272
273,nombre273
274,nombre274
275,nombre275
276,nombre276
277,nombre277
278,nombre278
279,nombre279
280,nombre280
281,nombre281
282,nombre282
283,nombre283
284,nombre284
285,nombre285
286,nombre286
287,nombre287
288,nombre288
289,nombre289
290,nombre290
291,nombre291
292,nombre292
293,nombre293
294,nombre294
295,nombre295
296,nombre296
297,nombre297
298,nombre298
299,nombre299
300,nombre300
301,nombre301
302,nombre302
303,nombre303
304,nombre304
305,nombre305
306,nombre306
307,nombre307
308,nombre308
309,nombre309
310,nombre310
311,nombre311
312,nombre312
313,nombre313
314,nombre314
315,nombre315
316,nombre316
317,nombre317
318,nombre318
319,nombre319
320,nombre320
321,nombre321
322,nombre322
323,nombre323
324,nombre324
325,nombre325
326,nombre326
327,nombre327
328,nombre328
329,nombre329
330,nombre330
331,nombre331
332,nombre332
333,nombre333
334,nombre334
335,nombre335
336,nombre336
337,nombre337
338,nombre338
339,nombre339
340,nombre340
341,nombre341
342,nombre342
343,nombre343
344,nombre344
345,nombre345
346,nombre346
347,nombre347
348,nombre348
349,nombre349
350,nombre350
351,nombre351
352,nombre352
353,nombre353
354,nombre354
355,nombre355
356,nombre356
357,nombre357
358,nombre358
359,nombre359
360,nombre360
361,nombre361
362,nombre362
363,nombre363
364,nombre364
365,nombre365
366,nombre366
367,nombre367
368,nombre368
369,nombre369
370,nombre370
371,nombre371
372,nombre372
373,nombre373
374,nombre374
375,nombre375
376,nombre376
377,nombre377
378,nombre378
379,nombre379
380,nombre380
381,nombre381
382,nombre382
383,nombre383
384,nombre384
385,nombre385
386,nombre386
387,nombre387
388,nombre388
389,nombre389
390,nombre390
391,nombre391
392,nombre392
393,nombre393
394,nombre394
395,nombre395
396,nombre396
397,nombre397
398,nombre398
399,nombre399
400,nombre400
401,nombre401
402,nombre402
403,nombre403
404,nombre404
405,nombre405
406,nombre406
407,nombre407
408,nombre408
409,nombre409
410,nombre410
411,nombre411
412,nombre412
413,nombre413
414,nombre414
415,nombre415
416,nombre416
417,nombre417
418,nombre418
419,nombre419
420,nombre420
421,nombre421
422,nombre422
423,nombre423
424,nombre424
425,nombre425
426,nombre426
427,nombre427
428,nombre428
429,nombre429
430,nombre430
431,nombre431
432,nombre432
433,nombre433
434,nombre434
435,nombre435
436,nombre436
437,nombre437
438,nombre438
439,nombre439
440,nombre440
441,nombre441
442,nombre442
443,nombre443
444,nombre444
445,nombre445
446,nombre446
447,nombre447
448,nombre448
449,nombre449
450,nombre450
451,nombre451
452,nombre452
453,nombre453
454,nombre454
455,nombre455
456,nombre456
457,nombre457
458,nombre458
459,nombre459
460,nombre460
461,nombre461
462,nombre462
463,nombre463
464,nombre464
465,nombre465
466,nombre466
467,nombre467
468,nombre468
469,nombre469
470,nombre470
471,nombre471
472,nombre472
473,nombre473
474,nombre474
475,nombre475
476,nombre476
477,nombre477
478,nombre478
479,nombre479
480,nombre480
481,nombre481
482,nombre482
483,nombre483
484,nombre484
485,nombre485
486,nombre486
487,nombre487
488,nombre488
489,nombre489
490,nombre490
491,nombre491
492,nombre492
493,nombre493
494,nombre494
495,nombre495
496,nombre496
497,nombre497
498,nombre498
499,nombre499
500,nombre500
501,nombre501
502,nombre502
503,nombre503
504,nombre504
505,nombre505
506,nombre506
507,nombre507
508,nombre508
509,nombre509
510,nombre510
511,nombre511
512,nombre512
513,nombre513
514,nombre514
515,nombre515
516,nombre516
517,nombre517
518,nombre518
519,nombre519
520,nombre520
521,nombre521
522,nombre522
523,nombre523
524,nombre524
525,nombre525
526,nombre526
527,nombre527
528,nombre528
529,nombre529
530,nombre530
531,nombre531
532,nombre532
533,nombre533
534,nombre534
535,nombre535
536,nombre536
537,nombre537
538,nombre538
539,nombre539
540,nombre540
541,nombre541
542,nombre542
543,nombre543
544,nombre544
545,nombre545
546,nombre546
547,nombre547
548,nombre548
549,nombre549
550,nombre550
551,nombre551
552,nombre552
553,nombre553
554,nombre554
555,nombre555
556,nombre556
557,nombre557
558,nombre558
559,nombre559
560,nombre560
561,nombre561
562,nombre562
563,nombre563
564,nombre564
565,nombre565
566,nombre566
567,nombre567
568,nombre568
569,nombre569
570,nombre570
571,nombre571
572,nombre572
573,nombre573
574,nombre574
575,nombre575
576,nombre576
577,nombre577
578,nombre578
579,nombre579
580,nombre580
581,nombre581
582,nombre582
583,nombre583
584,nombre584
585,nombre585
586,nombre586
587,nombre587
588,nombre588
589,nombre589
590,nombre590
591,nombre591
592,nombre592
593,nombre593
594,nombre594
595,nombre595
596,nombre596
597,nombre597
598,nombre598
599,nombre599
600,nombre600
601,nombre601
602,nombre602
603,nombre603
604,nombre604
605,nombre605
606,nombre606
607,nombre607
608,nombre608
609,nombre609
610,nombre610
611,nombre611
612,nombre612
613,nombre613
614,nombre614
615,nombre615
616,nombre616
617,nombre617
618,nombre618
619,nombre619
620,nombre620
621,nombre621
622,nombre622
623,nombre623
624,nombre624
625,nombre625
626,nombre626
627,nombre627
628,nombre628
629,nombre629
630,nombre630
631,nombre631
632,nombre632
633,nombre633
634,nombre634
635,nombre635
636,nombre636
637,nombre637
638,nombre638
639,nombre639
640,nombre640
641,nombre641
642,nombre642
643,nombre643
644,nombre644
645,nombre645
646,nombre646
647,nombre647
648,nombre648
649,nombre649
650,nombre650
651,nombre651
652,nombre652
653,nombre653
654,nombre654
655,nombre655
656,nombre656
657,nombre657
658,nombre658
659,nombre659
660,nombre660
661,nombre661
662,nombre662
663,nombre663
664,nombre664
665,nombre665
666,nombre666
667,nombre667
668,nombre668
669,nombre669
670,nombre670
671,nombre671
672,nombre672
673,nombre673
674,nombre674
675,nombre675
676,nombre676
677,nombre677
678,nombre678
679,nombre679
680,nombre680
681,nombre681
682,nombre682
683,nombre683
684,nombre684
685,nombre685
686,nombre686
687,nombre687
688,nombre688
689,nombre689
690,nombre690
691,nombre691
692,nombre692
693,nombre693
694,nombre694
695,nombre695
696,nombre696
697,nombre697
698,nombre698
699,nombre699
700,nombre700
701,nombre701
702,nombre702
703,nombre703
704,nombre704
705,nombre705
706,nombre706
707,nombre707
708,nombre708
709,nombre709
710,nombre710
711,nombre711
712,nombre712
713,nombre713
714,nombre714
715,nombre715
716,nombre716
717,nombre717
718,nombre718
719,nombre719
720,nombre720
721,nombre721
722,nombre722
723,nombre723
724,nombre724
725,nombre725
726,nombre726
727,nombre727
728,nombre728
729,nombre729
730,nombre730
731,nombre731
732,nombre732
733,nombre733
734,nombre734
735,nombre735
736,nombre736
737,nombre737
738,nombre738
739,nombre739
740,nombre740
741,nombre741
742,nombre742
743,nombre743
744,nombre744
745,nombre745
746,nombre746
747,nombre747
748,nombre748
749,nombre749
750,nombre750
751,nombre751
752,nombre752
753,nombre753
754,nombre754
755,nombre755
756,nombre756
757,nombre757
758,nombre758
759,nombre759
760,nombre760
761,nombre761
762,nombre762
763,nombre763
764,nombre764
765,nombre765
766,nombre766
767,nombre767
768,nombre768
769,nombre769
770,nombre770
771,nombre771
772,nombre772
773,nombre773
774,nombre774
775,nombre775
776,nombre776
777,nombre777
778,nombre778
779,nombre779
780,nombre780
781,nombre781
782,nombre782
783,nombre783
784,nombre784
785,nombre785
786,nombre786
787,nombre787
788,nombre788
789,nombre789
790,nombre790
791,nombre791
792,nombre792
793,nombre793
794,nombre794
795,nombre795
796,nombre796
797,nombre797
798,nombre798
799,nombre799
800,nombre800
801,nombre801
802,nombre802
803,nombre803
804,nombre804
805,nombre805
806,nombre806
807,nombre807
808,nombre808
809,nombre809
810,nombre810
811,nombre811
812,nombre812
813,nombre813
814,nombre814
815,nombre815
816,nombre816
817,nombre817
818,nombre818
819,nombre819
820,nombre820
821,nombre821
822,nombre822
823,nombre823
824,nombre824
825,nombre825
826,nombre826
827,nombre827
828,nombre828
829,nombre829
830,nombre830
831,nombre831
832,nombre832
833,nombre833
834,nombre834
835,nombre835
836,nombre836
837,nombre837
838,nombre838
839,nombre839
840,nombre840
841,nombre841
842,nombre842
843,nombre843
844,nombre844
845,nombre845
846,nombre846
847,nombre847
848,nombre848
849,nombre849
850,nombre850
851,nombre851
852,nombre852
853,nombre853
854,nombre854
855,nombre855
856,nombre856
857,nombre857
858,nombre858
859,nombre859
860,nombre860
861,nombre861
862,nombre862
863,nombre863
864,nombre864
865,nombre865
866,nombre866
867,nombre867
868,nombre868
869,nombre869
870,nombre870
871,nombre871
872,nombre872
873,nombre873
874,nombre874
875,nombre875
876,nombre876
877,nombre877
878,nombre878
879,nombre879
880,nombre880
881,nombre881
882,nombre882
883,nombre883
884,nombre884
885,nombre885
886,nombre886
887,nombre887
888,nombre888
889,nombre889
890,nombre890
891,nombre891
892,nombre892
893,nombre893
894,nombre894
895,nombre895
896,nombre896
897,nombre897
898,nombre898
899,nombre899
900,nombre900
901,nombre901
902,nombre902
903,nombre903
904,nombre904
905,nombre905
906,nombre906
907,nombre907
908,nombre908
909,nombre909
910,nombre910
911,nombre911
912,nombre912
913,nombre913
914,nombre914
915,nombre915
916,nombre916
917,nombre917
918,nombre918
919,nombre919
920,nombre920
921,nombre921
922,nombre922
923,nombre923
924,nombre924
925,nombre925
926,nombre926
927,nombre927
928,nombre928
929,nombre929
930,nombre930
931,nombre931
932,nombre932
933,nombre933
934,nombre934
935,nombre935
936,nombre936
937,nombre937
938,nombre938
939,nombre939
940,nombre940
941,nombre941
942,nombre942
943,nombre943
944,nombre944
945,nombre945
946,nombre946
947,nombre947
948,nombre948
949,nombre949
950,nombre950
951,nombre951
952,nombre952
953,nombre953
954,nombre954
955,nombre955
956,nombre956
957,nombre957
958,nombre958
959,nombre959
960,nombre960
961,nombre961
962,nombre962
963,nombre963
964,nombre964
965,nombre965
966,nombre966
967,nombre967
968,nombre968
969,nombre969
970,nombre970
971,nombre971
972,nombre972
973,nombre973
974,nombre974
975,nombre975
976,nombre976
977,nombre977
978,nombre978
979,nombre979
980,nombre980
981,nombre981
982,nombre982
983,nombre983
984,nombre984
985,nombre985
986,nombre986
987,nombre987
988,nombre988
989,nombre989
990,nombre990
991,nombre991
992,nombre992
993,nombre993
994,nombre994
995,nombre995
996,nombre996
997,nombre997
998,nombre998
999,nombre999
1000,nombre1000
